{"cameraMode":{"drawMode":0,"name":"Shaded","section":"Shading Mode"},"sceneLighting":false,"audioPlay":false,"sceneViewState":{"m_AlwaysRefresh":false,"showFog":true,"showSkybox":false,"showFlares":true,"showImageEffects":true,"showParticleSystems":true,"showVisualEffectGraphs":true,"m_FxEnabled":true},"in2DMode":false,"pivot":{"x":-0.28890281915664675,"y":-0.10320968925952912,"z":0.7153387069702148},"rotation":{"x":0.009835991077125073,"y":-0.990065336227417,"z":0.09174332022666931,"w":0.10613872110843659},"size":0.5546382665634155,"orthographic":false}