{"cameraMode":{"drawMode":0,"name":"Shaded","section":"Shading Mode"},"sceneLighting":false,"audioPlay":false,"sceneViewState":{"m_AlwaysRefresh":false,"showFog":true,"showSkybox":false,"showFlares":true,"showImageEffects":true,"showParticleSystems":true,"showVisualEffectGraphs":true,"m_FxEnabled":true},"in2DMode":false,"pivot":{"x":0.12161414325237274,"y":0.10773833096027374,"z":0.02545374631881714},"rotation":{"x":0.007939214818179608,"y":0.9840618371963501,"z":-0.17175909876823426,"w":0.04549083113670349},"size":0.33071938157081606,"orthographic":false}