{"cameraMode":{"drawMode":0,"name":"Shaded","section":"Shading Mode"},"sceneLighting":false,"audioPlay":false,"sceneViewState":{"m_AlwaysRefresh":false,"showFog":true,"showSkybox":false,"showFlares":true,"showImageEffects":true,"showParticleSystems":true,"showVisualEffectGraphs":true,"m_FxEnabled":true},"in2DMode":false,"pivot":{"x":-0.18847256898880006,"y":0.756497859954834,"z":0.7010934948921204},"rotation":{"x":0.0008615018450655043,"y":0.21499866247177125,"z":-0.0016624699346721173,"w":0.9771126508712769},"size":0.7435349822044373,"orthographic":false}